name,count,
www.51job.com,4,
www.lagou.com,4,
email.hightech.com,4,
www.j2medev.com/bbs/,3,
http://www.bole.com.,3,
www.yjbys.com,3,
www.chinahr.com,2,
http://www.goodjob.c,2,
http://www.job100.co,2,
http://www.jobcn.com,2,
jira.hightech.com,2,
www.17173.com,2,
sports.sina.com.cn,2,
,2,
http://www.jobeast.c,1,
www.yingjiesheng.com,1,
www.500.com,1,
www.1ting.com,1,
http://www.jiaoshi.c,1,
www.zhaopin.com,1,
http://www.job5156.c,1,
lib02.hightech.com,1,
p.yiqifa.com,1,
git.hightech.com,1,
OA.hightech.com,1,
